case	path	series_rtol	watson_terms	median_us	gradient_rel_error	gradient_abs_error	stan_rel_error	reference_rel_error	matched	Julia_allocated_bytes	gradient
P1	Stan-BDF	1.0e-6	0	1145.2873000000002	1.0648988693066623e-6	0.000656069920538016	1.0648988693066623e-6	2.404453269798613e-9	true	0	-616.0860842166803,-26.062758415876683,80.01541202091158,-0.3391664782722046,-0.012638987373673416
P1	RK-Enzyme	1.0e-15	24	3030.834	5.32239803251581e-11	3.279058091720799e-8	1.0648988693066623e-6	2.404453269798613e-9	true	22784	-616.0865969650747,-26.062478340812675,80.01475594067983,-0.33904578664379414,-0.013115279573103319
P1	RK-rule-Enzyme	1.0e-15	24	554.3119999999999	5.322379579454459e-11	3.279046723037027e-8	1.0648988693066623e-6	2.404453269798613e-9	true	90384	-616.0865969650748,-26.062478340812728,80.01475594068083,-0.33904578664381285,-0.013115279573218671
P1	RK-Enzyme	1.0e-15	8	3096.9913	5.32239803251581e-11	3.279058091720799e-8	1.0648988693066623e-6	2.404453269798613e-9	true	22784	-616.0865969650747,-26.062478340812675,80.01475594067983,-0.33904578664379414,-0.013115279573103319
P1	RK-rule-Enzyme	1.0e-15	8	557.5713	5.322379579454459e-11	3.279046723037027e-8	1.0648988693066623e-6	2.404453269798613e-9	true	90384	-616.0865969650748,-26.062478340812728,80.01475594068083,-0.33904578664381285,-0.013115279573218671
P1	RK-Enzyme	1.0e-9	4	2799.8513	2.3916822750985533e-9	1.47348339396558e-6	1.0648988693066623e-6	2.404453269798613e-9	true	22784	-616.086596619286,-26.062478507558694,80.01475634019647,-0.3390472436107075,-0.013115270159761102
P1	RK-rule-Enzyme	1.0e-9	4	459.63410000000005	2.3916827830983577e-9	1.4734837069374507e-6	1.0648988693066623e-6	2.404453269798613e-9	true	90384	-616.086596619285,-26.062478507558442,80.0147563401956,-0.33904724361102045,-0.013115270159732198
P1	RK-Enzyme	1.0e-7	4	2474.6555	2.4525710610751913e-7	0.0001510996158913258	1.0648988693066623e-6	2.404453269798613e-9	true	22784	-616.0865579318591,-26.062495984136234,80.01479826136134,-0.33919686974320484,-0.013114250474925294
P1	RK-rule-Enzyme	1.0e-7	4	426.59670000000006	2.452571057014256e-7	0.00015109961564113705	1.0648988693066623e-6	2.404453269798613e-9	true	90384	-616.086557931859,-26.06249598413603,80.01479826136082,-0.33919686974295465,-0.013114250474905127
P1	RK-Enzyme	1.0e-6	4	2330.8812	2.5247511153969588e-6	0.001555465322951477	1.0648988693066623e-6	2.404453269798613e-9	false	22784	-616.0861716533701,-26.062660129976564,80.01519626840417,-0.340601235450265,-0.013104245556955324
P1	RK-rule-Enzyme	1.0e-6	4	406.5679	2.5247511158995526e-6	0.0015554653232611182	1.0648988693066623e-6	2.404453269798613e-9	false	90384	-616.0861716533689,-26.062660129976646,80.01519626840498,-0.34060123545057464,-0.013104245556906327
P1	RK-Enzyme	1.0e-5	4	2203.3961999999997	2.6098731674989906e-5	0.016079078783604928	1.0648988693066623e-6	2.404453269798613e-9	false	22784	-616.081917686204,-26.064454793684007,80.0193650543628,-0.35512484891091844,-0.012996811385050827
P1	RK-rule-Enzyme	1.0e-5	4	380.01919999999996	2.6098731674584804e-5	0.01607907878335535	1.0648988693066623e-6	2.404453269798613e-9	false	90384	-616.0819176862035,-26.064454793683915,80.01936505436242,-0.35512484891066887,-0.012996811385104348
P2	Stan-BDF	1.0e-6	0	952.8257000000001	4.498742136799874e-5	0.0008252249231475162	4.498742136799874e-5	8.82829520040521e-9	true	0	-18.343373589298196,0.010202043583466254,0.024469418023929823,5.491492285816236,-0.20262398860919983
P2	RK-Enzyme	1.0e-15	24	1670.2405999999999	1.7412838856254023e-10	3.1941169709170936e-9	4.498742136799874e-5	8.82829520040521e-9	true	22784	-18.34345908389338,0.010202740900340679,0.024449462931851684,5.4923175139335,-0.2026486309432358
P2	RK-rule-Enzyme	1.0e-15	24	408.42760000000004	1.7412688756259877e-10	3.194089437386083e-9	4.498742136799874e-5	8.82829520040521e-9	true	90384	-18.3434590838934,0.010202740900330399,0.024449462931861805,5.492317513933473,-0.20264863094324104
P2	RK-Enzyme	1.0e-15	8	1548.2731999999999	1.7047485786634533e-10	3.127098580080201e-9	4.498742136799874e-5	8.82829520040521e-9	true	22784	-18.343459083921072,0.010202740850731473,0.024449462902714103,5.492317513866482,-0.2026486308658151
P2	RK-rule-Enzyme	1.0e-15	8	332.2634	1.704791671887579e-10	3.1271776279595542e-9	4.498742136799874e-5	8.82829520040521e-9	true	90384	-18.343459083921086,0.01020274085072292,0.02444946290272708,5.492317513866561,-0.20264863086582213
P2	RK-Enzyme	1.0e-9	4	1407.5983	2.0849840916027186e-8	3.82458203745939e-7	4.498742136799874e-5	8.82829520040521e-9	true	22784	-18.343459189804406,0.010202593555214357,0.024449333237958726,5.492317148810116,-0.20264824695731323
P2	RK-rule-Enzyme	1.0e-9	4	274.74219999999997	2.0849840052044358e-8	3.824581878975053e-7	4.498742136799874e-5	8.82829520040521e-9	true	90384	-18.34345918980442,0.0102025935552049,0.02444933323797278,5.492317148810047,-0.20264824695732908
P2	RK-Enzyme	1.0e-7	4	1278.5601	5.948443260776922e-7	1.0911502556609776e-5	4.498742136799874e-5	8.82829520040521e-9	true	22784	-18.3434630960088,0.010200761060198182,0.024444753352385717,5.49232842224194,-0.20264834387347755
P2	RK-rule-Enzyme	1.0e-7	4	261.98740000000004	5.948443256903373e-7	1.0911502549504348e-5	4.498742136799874e-5	8.82829520040521e-9	true	90384	-18.343463096008794,0.010200761060191268,0.02444475335238606,5.492328422241933,-0.20264834387345423
P2	RK-Enzyme	1.0e-6	4	1225.2795999999998	6.484962269552959e-6	0.00011895664005123763	4.498742136799874e-5	8.82829520040521e-9	true	22784	-18.34349957777023,0.010184529223258743,0.024401465228647723,5.492436467379434,-0.2026493524841732
P2	RK-rule-Enzyme	1.0e-6	4	249.4172	6.484962272361282e-6	0.00011895664010275198	4.498742136799874e-5	8.82829520040521e-9	true	90384	-18.343499577770228,0.01018452922325309,0.024401465228659037,5.492436467379486,-0.20264935248418975
P2	RK-Enzyme	1.0e-5	4	1191.6783	6.730102935441701e-5	0.0012345336782573213	4.498742136799874e-5	8.82829520040521e-9	false	22784	-18.343873200090368,0.010012074736168941,0.02395778685823302,5.4935520444176404,-0.2026610135218498
P2	RK-rule-Enzyme	1.0e-5	4	241.04649999999998	6.730102935809688e-5	0.0012345336783248229	4.498742136799874e-5	8.82829520040521e-9	false	90384	-18.34387320009038,0.01001207473616533,0.023957786858239696,5.493552044417708,-0.20266101352184834
P3-shape8	Stan-BDF	1.0e-6	0	954.6211999999999	4.288822727613105e-6	0.0025235635664557776	4.288822727613105e-6	3.724127530198311e-9	true	0	-588.4062214008641,-25.90743547659416,79.05233942804881,9.12818347944949,-0.3824349281589292
P3-shape8	RK-Enzyme	1.0e-15	24	1863.1829	6.297512376960133e-11	3.7054860513308086e-8	4.288822727613105e-6	3.724127530198311e-9	true	22784	-588.4047270483908,-25.90721812659163,79.051456788503,9.125659878828174,-0.3822198859668128
P3-shape8	RK-rule-Enzyme	1.0e-15	24	368.4864	6.296861192235339e-11	3.70510289116055e-8	4.288822727613105e-6	3.724127530198311e-9	true	90384	-588.4047270483909,-25.90721812659148,79.0514567885021,9.125659878832005,-0.38221988596725487
P3-shape8	RK-Enzyme	1.0e-15	8	1861.2341000000001	6.297512376960133e-11	3.7054860513308086e-8	4.288822727613105e-6	3.724127530198311e-9	true	22784	-588.4047270483908,-25.90721812659163,79.051456788503,9.125659878828174,-0.3822198859668128
P3-shape8	RK-rule-Enzyme	1.0e-15	8	369.8102	6.296861192235339e-11	3.70510289116055e-8	4.288822727613105e-6	3.724127530198311e-9	true	90384	-588.4047270483909,-25.90721812659148,79.0514567885021,9.125659878832005,-0.38221988596725487
P3-shape8	RK-Enzyme	1.0e-9	4	1623.0605	3.1799734468158675e-9	1.8711114080360858e-6	4.288822727613105e-6	3.724127530198311e-9	true	22784	-588.4047265340096,-25.90721820767928,79.05145726770769,9.125658044771626,-0.3822198734373853
P3-shape8	RK-rule-Enzyme	1.0e-9	4	302.7068	3.1799757381890995e-9	1.8711127562909269e-6	4.288822727613105e-6	3.724127530198311e-9	true	90384	-588.4047265340105,-25.907218207678994,79.05145726770678,9.125658044770278,-0.3822198734372731
P3-shape8	RK-Enzyme	1.0e-7	4	1540.8912	3.241018220685911e-7	0.00019070304415436112	4.288822727613105e-6	3.724127530198311e-9	true	22784	-588.4046693801046,-25.90722641314349,79.05150637856343,9.12546921283888,-0.3822185159652625
P3-shape8	RK-rule-Enzyme	1.0e-7	4	280.75340000000006	3.24101819049654e-7	0.00019070304237800428	4.288822727613105e-6	3.724127530198311e-9	true	90384	-588.4046693801051,-25.90722641314341,79.05150637856326,9.125469212840656,-0.3822185159652896
P3-shape8	RK-Enzyme	1.0e-6	4	1476.6816000000001	3.373032619182144e-6	0.001984708337658958	4.288822727613105e-6	3.724127530198311e-9	true	22784	-588.404083841488,-25.907278505191158,79.05198233207173,9.123675207545375,-0.38220535361322944
P3-shape8	RK-rule-Enzyme	1.0e-6	4	265.5735	3.373032622783736e-6	0.0019847083397781518	4.288822727613105e-6	3.724127530198311e-9	true	90384	-588.4040838414884,-25.907278505191112,79.05198233207204,9.123675207543256,-0.3822053536136191
P3-shape8	RK-Enzyme	1.0e-5	4	1405.0477	3.4016673467892715e-5	0.020015571467411064	4.288822727613105e-6	3.724127530198311e-9	false	22784	-588.3980383534295,-25.90825233838075,79.05653589200159,9.105644344415623,-0.38206550401514755
P3-shape8	RK-rule-Enzyme	1.0e-5	4	248.9525	3.401667346720742e-5	0.02001557146700783	4.288822727613105e-6	3.724127530198311e-9	false	90384	-588.3980383534291,-25.908252338380525,79.0565358920004,9.105644344416026,-0.3820655040151673
