lags	shape	path	median_us	q25_us	q75_us	Julia_allocated_bytes
11	1.2	legacy-primal	3.8354	3.7845500000000003	3.9714500000000004	944
11	1.2	current-primal	2.0017	1.9328	2.10135	304
11	1.2	legacy-gradient	4.2318999999999996	4.12725	4.414199999999999	1296
11	1.2	current-gradient	4.2399000000000004	4.0981000000000005	4.3545	1296
11	8.0	legacy-primal	3.012	2.9735500000000004	3.0551999999999997	944
11	8.0	current-primal	1.415	1.406	1.441	304
11	8.0	legacy-gradient	3.1764	3.1323499999999997	3.24355	1296
11	8.0	current-gradient	3.1884	3.1564	3.25455	1296
1401	1.2	legacy-primal	431.1198	421.12199999999996	447.6146	79056
1401	1.2	current-primal	206.3396	202.28405	211.19484999999997	11552
1401	1.2	legacy-gradient	440.4298	429.74115	459.8682	90656
1401	1.2	current-gradient	439.89189999999996	430.1617	462.42215	90656
1401	8.0	legacy-primal	397.947	390.68905	421.42505	79056
1401	8.0	current-primal	197.858	191.45575	207.25305	11552
1401	8.0	legacy-gradient	409.5213	402.453	425.35504999999995	90656
1401	8.0	current-gradient	412.14570000000003	402.47884999999997	423.30629999999996	90656
