case	subjects	path	median_us	gradient_rel_error	gradient_abs_error	value_abs_error	stan_rel_error	reference_rel_error	reference_value_abs_error	matched	Julia_allocated_bytes	value	coordinates	gradient	reference_gradient
P1	3	RK-emitted-Enzyme	51.1666	1.3419704187439903e-10	2.2773383534513414e-6	7.651451596757397e-7	3.3629368475915424e-6	6.469859359666337e-9	3.6521165384328924e-5	true	41552	-6348.677000803994	4.605170185988092,0.1,-2.5257286443082556,-1.8971199848858813,-2.995732273553991,-1.6094379124341003,0.0,0.6931471805599453,0.15,-0.1,-0.2,0.1,-0.15,0.02,-0.01,-0.03,0.04	13058.377084412987,2891.9178946566103,3935.491489265424,5075.61291158018,-1689.2267764125438,-3542.933975510552,586.6045283531201,12587.672227373881,-3122.4357898259796,729.6945507407472,-16970.108441564542,-8348.602064487013,-10902.973437530982,-4829.083335965467,143.9434219046007,3653.3921098488486,4937.152301593961	13058.377085951286,2891.917894970771,3935.491489799458,5075.6129122814555,-1689.2267766391167,-3542.9339766386315,586.6045284240006,12587.672228904175,-3122.4357906869677,729.6945508166812,-16970.10844384188,-8348.602065549127,-10902.97343918483,-4829.083336575228,143.9434219573236,3653.3921106551575,4937.152302381773
P1	3	Stan-BDF	1212.6496	3.3629368475915424e-6	0.057069402993420226	0.00855589837556181	3.3629368475915424e-6	6.469859359666337e-9	3.6521165384328924e-5	true	0	-6348.685557467515	4.605170185988092,0.1,-2.5257286443082556,-1.8971199848858813,-2.995732273553991,-1.6094379124341003,0.0,0.6931471805599453,0.15,-0.1,-0.2,0.1,-0.15,0.02,-0.01,-0.03,0.04	13058.393913734426,2891.9173710323307,3935.484977921862,5075.611370720032,-1689.220666864969,-3542.991046041625,586.5660253665076,12587.689340700927,-3122.482911188253,729.6708497590364,-16970.155759765952,-8348.616966084428,-10903.006070546133,-4829.094561551943,143.94320868659952,3653.408698320808,4937.166479297727	13058.377085951286,2891.917894970771,3935.491489799458,5075.6129122814555,-1689.2267766391167,-3542.9339766386315,586.6045284240006,12587.672228904175,-3122.4357906869677,729.6945508166812,-16970.10844384188,-8348.602065549127,-10902.97343918483,-4829.083336575228,143.9434219573236,3653.3921106551575,4937.152302381773
P2	3	RK-emitted-Enzyme	33.9037	4.7553582867696054e-11	3.433410711295437e-8	1.1806548627646407e-8	7.230805776618499e-6	2.196534454150197e-9	5.506748266270733e-7	true	41552	-264.2550331088878	4.605170185988092,0.1,-0.6931471805599453,-1.2039728043259361,-0.916290731874155,-2.995732273553991,0.0,0.6931471805599453,0.15,-0.1,-0.2,-0.08,0.12,0.02,-0.01,-0.03,0.04	592.9928697792724,136.65340274959047,502.3770562104783,48.99490019178742,-42.161185596544215,-353.19921763150137,22.587943887926937,428.6390595665923,-190.73881574671603,16.231123403572287,-722.0088381166083,-363.62047966654285,-289.1211665496773,-192.21035812761153,15.4415820237226,-60.7847300083901,122.52021152726157	592.9928697511195,136.6534027432317,502.377056202079,48.9949001838789,-42.16118559107191,-353.19921761372893,22.58794388010039,428.63905954297934,-190.7388157396864,16.231123398636903,-722.0088380822742,-363.62047964948,-289.121166534856,-192.21035811824646,15.441582023464804,-60.784730006455845,122.52021152157886
P2	3	Stan-BDF	846.6204999999999	7.230805776618499e-6	0.005220705677174919	0.0017430933760351763	7.230805776618499e-6	2.196534454150197e-9	5.506748266270733e-7	true	0	-264.2532900037052	4.605170185988092,0.1,-0.6931471805599453,-1.2039728043259361,-0.916290731874155,-2.995732273553991,0.0,0.6931471805599453,0.15,-0.1,-0.2,-0.08,0.12,0.02,-0.01,-0.03,0.04	592.9885799383932,136.65247602539637,502.375004799313,48.99414688435481,-42.16079926951447,-353.19580798668846,22.587468076340937,428.6355733562272,-190.73731850016534,16.230998905459295,-722.003617376597,-363.6179399782119,-289.11858470641596,-192.20885610615989,15.441677407815376,-60.78468777914205,122.51932324854863	592.9928697511195,136.6534027432317,502.377056202079,48.9949001838789,-42.16118559107191,-353.19921761372893,22.58794388010039,428.63905954297934,-190.7388157396864,16.231123398636903,-722.0088380822742,-363.62047964948,-289.121166534856,-192.21035811824646,15.441582023464804,-60.784730006455845,122.52021152157886
P3-shape8	3	RK-emitted-Enzyme	36.6226	1.984194723925618e-10	9.014984243549407e-7	3.215302513126517e-8	1.4435766394494493e-5	1.0043956867499835e-8	1.661129772401182e-6	true	41552	-867.7591054938118	4.605170185988092,0.1,-2.5257286443082556,-1.8971199848858813,-2.995732273553991,-1.2039728043259361,3.1498829533812494,0.6931471805599453,0.15,-0.1,-0.2,0.1,-0.15,0.02,-0.01,-0.03,0.04	1665.875867140441,524.4559057616399,348.8131967693312,542.728183809139,-90.3258128879644,-191.13403687657723,4543.396944178197,1617.0554140139427,50.15210869086753,1469.032739803665,-1172.6234974560336,-857.5255475618756,-26.60813894385965,-198.30562997700858,101.72113655003466,-332.5287904264239,177.90317296552524	1665.8758670562852,524.4559057527505,348.8131967707048,542.728183780385,-90.32581290422674,-191.1340373339628,4543.396943276699,1617.0554139496367,50.152108674701985,1469.0327396174603,-1172.6234973156222,-857.5255475107076,-26.608139328289326,-198.30563018077555,101.72113644804898,-332.5287906209437,177.9031728480528
P3-shape8	3	Stan-BDF	530.1827999999999	1.4435766394494493e-5	0.06558741691060277	6.305265128503379e-5	1.4435766394494493e-5	1.0043956867499835e-8	1.661129772401182e-6	true	0	-867.7590424090075	4.605170185988092,0.1,-2.5257286443082556,-1.8971199848858813,-2.995732273553991,-1.2039728043259361,3.1498829533812494,0.6931471805599453,0.15,-0.1,-0.2,0.1,-0.15,0.02,-0.01,-0.03,0.04	1665.8730294159304,524.4572588933715,348.81530668277605,542.7289437093455,-90.32750455580427,-191.17864560360704,4543.331355859788,1617.055287844334,50.14263769316745,1469.0025110365993,-1172.6102668408664,-857.5229591053213,-26.657541661361847,-198.3327357603294,101.70882840422291,-332.55524478985546,177.8892619664665	1665.8758670562852,524.4559057527505,348.8131967707048,542.728183780385,-90.32581290422674,-191.1340373339628,4543.396943276699,1617.0554139496367,50.152108674701985,1469.0327396174603,-1172.6234973156222,-857.5255475107076,-26.608139328289326,-198.30563018077555,101.72113644804898,-332.5287906209437,177.9031728480528
P1	30	RK-emitted-Enzyme	182.96650000000002	1.341951897299729e-10	2.2773310774937272e-5	7.651418854948133e-6	3.3629011777314802e-6	6.469791421330678e-9	0.00036521166475722566	true	151296	-63149.77219537756	4.605170185988092,0.1,-2.5257286443082556,-1.8971199848858813,-2.995732273553991,-1.6094379124341003,0.0,0.6931471805599453,0.15,-0.1,-0.2,0.1,-0.15,0.02,-0.01,-0.03,0.04	130625.21737580378,28920.078946566104,39332.183334855465,50739.05503593784,-16919.229354587424,-35443.824696317424,5866.045283531201,125885.72227373884,-31223.0078982598,7296.0455074074725,-169702.88441564544,-83485.12064487013,-109031.08437530982,-48290.65335965464,1439.3442190460069,36533.65109848849,49371.88301593959	130625.21739118673,28920.078949707706,39332.18334019581,50739.055042950575,-16919.229356853157,-35443.82470759823,5866.045284240005,125885.72228904175,-31223.007906869683,7296.045508166811,-169702.88443841875,-83485.12065549131,-109031.08439184833,-48290.65336575224,1439.3442195732569,36533.65110655157,49371.88302381772
P1	30	Stan-BDF	9146.583499999999	3.3629011777314802e-6	0.5706940299423877	0.08555898376653204	3.3629011777314802e-6	6.469791421330678e-9	0.00036521166475722566	true	0	-63149.85776201275	4.605170185988092,0.1,-2.5257286443082556,-1.8971199848858813,-2.995732273553991,-1.6094379124341003,0.0,0.6931471805599453,0.15,-0.1,-0.2,0.1,-0.15,0.02,-0.01,-0.03,0.04	130625.38566901813,28920.073710323315,39332.11822141986,50739.03962733634,-16919.168259111684,-35444.39540162817,5865.660253665078,125885.89340700928,-31223.479111882538,7295.808497590365,-169703.3575976596,-83485.26966084432,-109031.41070546137,-48290.76561551944,1439.3420868660178,36533.81698320809,49372.02479297729	130625.21739118673,28920.078949707706,39332.18334019581,50739.055042950575,-16919.229356853157,-35443.82470759823,5866.045284240005,125885.72228904175,-31223.007906869683,7296.045508166811,-169702.88443841875,-83485.12065549131,-109031.08439184833,-48290.65336575224,1439.3442195732569,36533.65110655157,49371.88302381772
P2	30	RK-emitted-Enzyme	202.25300000000001	4.7542423151005344e-11	3.4334607335040346e-7	1.1806423572124913e-7	7.229003553333705e-6	2.195986229257081e-9	5.506749403139111e-6	true	151296	-2349.7009725496055	4.605170185988092,0.1,-0.6931471805599453,-1.2039728043259361,-0.916290731874155,-2.995732273553991,0.0,0.6931471805599453,0.15,-0.1,-0.2,-0.08,0.12,0.02,-0.01,-0.03,0.04	5971.3752294666165,1367.4340274959047,5017.532237479743,479.1132466789408,-429.85847255230965,-3558.9537667769996,225.87943887926934,4295.390595665925,-1906.03815746716,161.41123403572288,-7221.888381166084,-3636.92479666543,-2890.1316654967745,-1921.9235812761162,154.325820237226,-608.1173000839007,1225.5621152726158	5971.375229185087,1367.4340274323172,5017.5322373957515,479.1132465998556,-429.85847249758655,-3558.953766599277,225.87943880100394,4295.390595429794,-1906.0381573968643,161.411233986369,-7221.888380822738,-3636.924796494805,-2890.131665348565,-1921.9235811824633,154.3258202346492,-608.1173000645572,1225.562115215792
P2	30	Stan-BDF	8668.9503	7.229003553333705e-6	0.05220705676674697	0.01743093376080651	7.229003553333705e-6	2.195986229257081e-9	5.506749403139111e-6	true	0	-2349.6835414977804	4.605170185988092,0.1,-0.6931471805599453,-1.2039728043259361,-0.916290731874155,-2.995732273553991,0.0,0.6931471805599453,0.15,-0.1,-0.2,-0.08,0.12,0.02,-0.01,-0.03,0.04	5971.332331057822,1367.424760253964,5017.511723368091,479.10571360461455,-429.8546092820123,-3558.91967032887,225.87468076340937,4295.355733562273,-1906.0231850016542,161.40998905459298,-7221.836173765972,-3636.8993997821194,-2890.10584706416,-1921.908561061599,154.32677407815345,-608.1168777914206,1225.5532324854864	5971.375229185087,1367.4340274323172,5017.5322373957515,479.1132465998556,-429.85847249758655,-3558.953766599277,225.87943880100394,4295.390595429794,-1906.0381573968643,161.411233986369,-7221.888380822738,-3636.924796494805,-2890.131665348565,-1921.9235811824633,154.3258202346492,-608.1173000645572,1225.562115215792
P3-shape8	30	RK-emitted-Enzyme	187.1825	1.9829638409895087e-10	9.015013347379863e-6	3.215409378753975e-7	1.4426764679878344e-5	1.0037693235249963e-8	1.661129863350652e-5	true	151296	-8301.078639947616	4.605170185988092,0.1,-2.5257286443082556,-1.8971199848858813,-2.995732273553991,-1.2039728043259361,3.1498829533812494,0.6931471805599453,0.15,-0.1,-0.2,0.1,-0.15,0.02,-0.01,-0.03,0.04	16700.2052030783,5245.4590576164,3465.4004098945384,5410.207758227417,-930.21971934163,-1922.1761240047056,45462.3183883624,16179.554140139428,502.87108690867524,14689.42739803665,-11728.034974560334,-8574.35547561876,-267.43138943860106,-1982.8762997700865,1017.1213655003469,-3325.5579042642403,1779.3917296552524	16700.205202236742,5245.459057527503,3465.4004099082736,5410.207757939881,-930.2197195042543,-1922.1761285785617,45462.31837934739,16179.55413949637,502.8710867470198,14689.4273961746,-11728.034973156222,-8574.355475107071,-267.43139328288817,-1982.8763018077548,1017.1213644804893,-3325.557906209433,1779.3917284805284
P3-shape8	30	Stan-BDF	5100.3963	1.4426764679878344e-5	0.655874169060553	0.00063052651421458	1.4426764679878344e-5	1.0037693235249963e-8	1.661129863350652e-5	true	0	-8301.078009099561	4.605170185988092,0.1,-2.5257286443082556,-1.8971199848858813,-2.995732273553991,-1.2039728043259361,3.1498829533812494,0.6931471805599453,0.15,-0.1,-0.2,0.1,-0.15,0.02,-0.01,-0.03,0.04	16700.176825833194,5245.472588933715,3465.4215090289863,5410.21535722948,-930.2366360200275,-1922.622211275004,45461.66250517833,16179.55287844334,502.7763769316745,14689.125110365989,-11727.902668408662,-8574.329591053218,-267.9254166136161,-1983.1473576032922,1016.9982840422308,-3325.822447898553,1779.2526196646659	16700.205202236742,5245.459057527503,3465.4004099082736,5410.207757939881,-930.2197195042543,-1922.1761285785617,45462.31837934739,16179.55413949637,502.8710867470198,14689.4273961746,-11728.034973156222,-8574.355475107071,-267.43139328288817,-1982.8763018077548,1017.1213644804893,-3325.557906209433,1779.3917284805284
